,labels,size,colors
0,Cheryl Mills,0.20823529411764705,#7f0000
1,a bed in h@state.gov,0.20588235294117646,#840000
2,sulliva njj@state.g ov,0.17470588235294118,#be0d08
3,Lauren Jiloty,0.1376470588235294,#e8563c
4,Lona Valmoro,0.08294117647058824,#fdb37c
5,others,0.19058823529411767,#afafaf
